id_registro,fuente_verificadora,url_origen,texto_crudo,categoria_original,label
801,boliviaverifica.bo,https://boliviaverifica.bo/nueva-generacion-patriotica-declina-participar-en-la-segunda-vuelta-en-la-paz-y-el-tse-acepta-la-decision/,Nueva Generación Patriótica declina participar en la segunda vuelta en La Paz y el TSE acepta la decisión,Verdadero,Baja
802,boliviaverifica.bo,https://boliviaverifica.bo/edmand-lara-pidio-no-votar-por-candidatos-durante-el-silencio-electoral-y-vulnero-la-normativa/,Edmand Lara pidió no votar por candidatos durante el silencio electoral y vulneró la normativa,Verdadero,Baja
803,boliviaverifica.bo,https://boliviaverifica.bo/si-chile-y-peru-exportan-minerales-por-un-valor-hasta-12-veces-mayor-que-el-de-bolivia/,"Sí, Chile y Perú exportan minerales por un valor hasta 12 veces mayor que el de Bolivia",Verdadero,Baja
804,boliviaverifica.bo,https://boliviaverifica.bo/jorge-quiroga-si-recibio-una-amnistia-de-evo-morales-como-dijo-rodrigo-paz/,"Jorge Quiroga sí recibió una amnistía de Evo Morales, como dijo Rodrigo Paz",Verdadero,Baja
805,boliviaverifica.bo,https://boliviaverifica.bo/lo-que-dijo-lara-es-cierto-las-multas-por-incendios-forestales-en-bolivia-pueden-ser-de-apenas-bs-2/,Lo que dijo Lara es cierto: las multas por incendios forestales en Bolivia pueden ser de apenas Bs 2,Verdadero,Baja
806,boliviaverifica.bo,https://boliviaverifica.bo/un-juez-en-bolivia-puede-tener-hasta-1-500-causas-al-ano-como-afirmo-juan-pablo-velasco/,"Un juez en Bolivia puede tener hasta 1.500 causas al año, como afirmó Juan Pablo Velasco",Verdadero,Baja
807,boliviaverifica.bo,https://boliviaverifica.bo/mas-de-300-mujeres-mueren-en-bolivia-por-causas-relacionadas-con-la-maternidad-como-afirmo-velasco/,"Más de 300 mujeres mueren en Bolivia por causas relacionadas con la maternidad, como afirmó Velasco",Verdadero,Baja
808,boliviaverifica.bo,https://boliviaverifica.bo/desde-la-cuenta-de-jp-velasco-en-x-se-lanzaron-dichos-racistas-hace-15-anos/,Desde la cuenta de JP Velasco en X se lanzaron dichos racistas hace 15 años,Verdadero,Baja
809,boliviaverifica.bo,https://boliviaverifica.bo/antes-de-que-el-pdc-anunciara-que-limitaran-la-asistencia-a-los-debates-paz-si-dijo-que-quien-no-debata-no-tiene-derecho-a-pedir-el-voto/,"Antes de que el PDC anunciara que limitarán la asistencia a los debates, Paz sí dijo que quien no debata no tiene derecho a pedir el voto",Verdadero,Baja
810,boliviaverifica.bo,https://boliviaverifica.bo/esposa-de-lara-y-hermana-de-quiroga-asumiran-como-diputadas-en-la-gestion-2025-2030/,Esposa de Lara y hermana de Quiroga asumirán como diputadas en la gestión 2025-2030,Verdadero,Baja
811,boliviaverifica.bo,https://boliviaverifica.bo/el-video-donde-lara-dice-que-paz-hizo-una-pesima-gestion-en-tarija-es-autentico-aunque-data-de-2024/,"El video donde Lara dice que Paz hizo una “pésima gestión” en Tarija es auténtico, aunque data de 2024",Verdadero,Baja
812,boliviaverifica.bo,https://boliviaverifica.bo/si-el-tse-prohibe-el-ingreso-de-telefonos-celulares-con-camara-a-recintos-de-votacion/,"Sí, el TSE prohíbe el ingreso de teléfonos celulares con cámara a recintos de votación",Verdadero,Baja
813,boliviaverifica.bo,https://boliviaverifica.bo/verdadero-el-unico-documento-valido-para-votar-en-las-elecciones-es-el-carnet-de-identidad-fisico/,Verdadero: el único documento valido para votar en las elecciones es el carnet de identidad físico,Verdadero,Baja
814,boliviaverifica.bo,https://boliviaverifica.bo/si-guabira-es-la-empresa-mas-exitosa-del-norte-cruceno-e-incremento-su-produccion-desde-su-privatizacion/,"Sí, Guabirá es la empresa más exitosa del norte cruceño e incrementó su producción desde su privatización",Verdadero,Baja
815,boliviaverifica.bo,https://boliviaverifica.bo/es-verdad-que-en-las-listas-de-candidatos-para-las-elecciones-2025-hay-actuales-legisladores/,Es verdad que en las listas de candidatos para las elecciones 2025 hay actuales legisladores,Verdadero,Baja
816,boliviaverifica.bo,https://boliviaverifica.bo/inhabilitada-luciana-campero-ya-no-podra-ser-candidata-al-senado-por-la-alianza-libre/,Inhabilitada: Luciana Campero ya no podrá ser candidata al Senado por la alianza Libre,Verdadero,Baja
817,boliviaverifica.bo,https://boliviaverifica.bo/peritos-internacionales-no-hallan-rastros-de-ia-en-el-audio-de-evo-morales-es-real/,Peritos internacionales no hallan rastros de IA en el audio de Evo Morales; es real,Verdadero,Baja
818,boliviaverifica.bo,https://boliviaverifica.bo/en-2023-manfred-reyes-villa-dijo-que-se-retiraria-de-la-politica-y-que-no-seria-candidato/,"En 2023, Manfred Reyes Villa dijo que se retiraría de la política y que no sería candidato",Verdadero,Baja
819,boliviaverifica.bo,https://boliviaverifica.bo/jorge-richter-si-dijo-que-la-vicepresidencia-no-era-una-institucion-util-para-el-pais/,Jorge Richter sí dijo que la vicepresidencia no era una institución útil para el país,Verdadero,Baja
820,boliviaverifica.bo,https://boliviaverifica.bo/ruth-nina-si-pidio-la-renuncia-de-evo-morales-y-lo-tildo-de-dictador-en-2019/,Ruth Nina sí pidió la renuncia de Evo Morales y lo tildó de dictador en 2019,Verdadero,Baja
821,boliviaverifica.bo,https://boliviaverifica.bo/si-un-anuncio-publicitario-promociona-al-senador-andronico-rodriguez-como-candidato-presidencial/,"Sí, un anuncio publicitario promociona al senador Andrónico Rodríguez como candidato presidencial",Verdadero,Baja
822,boliviaverifica.bo,https://boliviaverifica.bo/si-el-voto-nulo-tuvo-mayor-porcentaje-que-cualquier-candidato-en-las-elecciones-judiciales-de-2011-y-2017/,"Sí, el voto nulo tuvo mayor porcentaje que cualquier candidato en las elecciones judiciales de 2011 y 2017",Verdadero,Baja
823,boliviaverifica.bo,https://boliviaverifica.bo/al-menos-15-postulantes-aplazados-fueron-habilitados-como-candidatos-al-tcp/,Al menos 15 postulantes aplazados fueron habilitados como candidatos al TCP,Verdadero,Baja
824,boliviaverifica.bo,https://boliviaverifica.bo/venezuela-maduro-aparece-13-veces-en-la-papeleta-electoral-y-edmundo-gonzalez-en-3/,Venezuela: Maduro aparece 13 veces en la papeleta electoral y Edmundo González en 3,Verdadero,Baja
825,boliviaverifica.bo,https://boliviaverifica.bo/si-un-excandidato-a-la-defensoria-del-pueblo-fue-detenido-y-enviado-preventivamente-a-palmasola/,"Sí, un excandidato a la Defensoría del Pueblo fue detenido y enviado preventivamente a Palmasola",Verdadero,Baja
826,boliviaverifica.bo,https://boliviaverifica.bo/actores-y-cantantes-expresan-apoyo-a-lula-y-futbolistas-apuestan-por-bolsonaro-en-elecciones/,Actores y cantantes expresan apoyo a Lula y futbolistas apuestan por Bolsonaro en elecciones,Verdadero,Baja
827,boliviaverifica.bo,https://boliviaverifica.bo/los-militares-ya-no-recibiran-la-lactancia-en-efectivo-sino-que-sera-en-especie-como-los-demas-ciudadanos/,"Los militares ya no recibirán la lactancia en efectivo, sino que será en especie como los demás ciudadanos",Verdadero,Baja
828,boliviaverifica.bo,https://boliviaverifica.bo/la-doble-carga-de-tigo-ya-no-se-podra-utilizar-para-comprar-paquetes-de-internet/,Tigo se retracta: La doble carga de Tigo se podrá utilizar para comprar paquetes de internet,Verdadero,Baja
829,boliviaverifica.bo,https://boliviaverifica.bo/aunque-no-hay-aval-oficial-partidarios-del-mas-en-santa-cruz-elegiran-a-una-miss/,"Aunque no hay aval oficial, partidarios del MAS en Santa Cruz elegirán a una miss",Verdadero,Baja
830,boliviaverifica.bo,https://boliviaverifica.bo/encuesta-realizada-por-jfaa-consultores-para-la-gobernacion-de-chuquisaca-es-autorizada/,Encuesta realizada por JFAA Consultores para la Gobernación de Chuquisaca es autorizada,Verdadero,Baja
831,boliviaverifica.bo,https://boliviaverifica.bo/presidente-arce-si-dijo-que-las-vacunas-son-para-el-pueblo-y-no-para-las-oligarquias-tarijenas/,Presidente Arce sí dijo que las vacunas son para el pueblo y no para las oligarquías tarijeñas,Verdadero,Baja
832,boliviaverifica.bo,https://boliviaverifica.bo/candidato-montes-de-tarija-afirmo-que-a-su-oponente-lo-apoya-gente-del-chapare-y-el-alto/,Candidato Montes de Tarija afirmó que a su oponente lo apoya gente del Chapare y El Alto,Verdadero,Baja
833,boliviaverifica.bo,https://boliviaverifica.bo/periodista-desaparecido-en-2014-en-tarija-fue-habilitado-para-votar-en-las-elecciones/,Periodista desaparecido en 2014 en Tarija fue habilitado para votar en las elecciones,Verdadero,Baja
834,boliviaverifica.bo,https://boliviaverifica.bo/simpatizantes-de-ucs-cortaron-una-calle-en-santa-cruz-por-vigilia-y-festejos/,Simpatizantes de UCS cortaron una calle en Santa Cruz por vigilia y festejos,Verdadero,Baja
835,boliviaverifica.bo,https://boliviaverifica.bo/verdadero-el-mas-gano-con-el-100-de-los-votos-en-un-municipio-de-potosi/,Verdadero: El MAS ganó con el 100% de los votos en un municipio de Potosí,Verdadero,Baja
836,boliviaverifica.bo,https://boliviaverifica.bo/en-la-fanpage-de-adriana-salvatierra-se-escribio-multimillonario-cierre-de-campana-del-mas-y-luego-se-corrigio/,En la fanpage de Adriana Salvatierra se escribió “multimillonario” cierre de campaña del MAS y luego se corrigió,Verdadero,Baja
837,boliviaverifica.bo,https://boliviaverifica.bo/la-fotografia-de-eva-copa-con-miembros-del-pdc-es-real/,La fotografía de Eva Copa con miembros del PDC es real,Verdadero,Baja
838,boliviaverifica.bo,https://boliviaverifica.bo/si-ted-de-la-paz-notifico-inhabilitacion-de-luis-larrea-como-candidato/,"Sí, TED de La Paz notificó inhabilitación de Luis Larrea como candidato",Verdadero,Baja
839,boliviaverifica.bo,https://boliviaverifica.bo/informes-internacionales-preven-que-vacunacion-contra-la-covid-19-en-bolivia-culminara-en-2023/,Informes internacionales prevén que vacunación contra la Covid – 19 en Bolivia culminará en 2023,Verdadero,Baja
840,boliviaverifica.bo,https://boliviaverifica.bo/no-digo-que-roben-pero-saquen-algo-la-polemica-y-real-frase-de-jhonny-fernandez-que-lo-persigue-en-la-campana/,"“No digo que roben, pero saquen algo”: la polémica (y real) frase de Jhonny Fernández que lo persigue en la campaña",Verdadero,Baja
841,boliviaverifica.bo,https://boliviaverifica.bo/verdadero-el-plan-de-salud-de-gary-anez-se-reduce-a-acceso-con-calidad-y-calidez/,Verdadero: El plan de salud de Gary Áñez se reduce a “acceso con calidad y calidez”,Verdadero,Baja
842,boliviaverifica.bo,https://boliviaverifica.bo/verdadero-un-candidato-de-ucs-declaro-estar-en-contra-de-las-vacunas-contra-el-coronavirus/,Verdadero: Un candidato de UCS declaró oponerse a las vacunas contra el coronavirus,Verdadero,Baja
843,boliviaverifica.bo,https://boliviaverifica.bo/es-cierto-que-en-santa-cruz-se-levantaron-50-cadaveres-por-dia-durante-dos-a-tres-semanas/,Es cierto que en Santa Cruz se levantaron “50 cadáveres por día” durante dos a tres semanas,Verdadero,Baja
844,boliviaverifica.bo,https://boliviaverifica.bo/democratas-si-esta-rifando-un-vehiculo-0-km-para-apoyar-campana-de-roly-aguilera/,Demócratas sí está rifando un vehículo 0 Km para apoyar campaña de Roly Aguilera,Verdadero,Baja
845,boliviaverifica.bo,https://boliviaverifica.bo/se-viraliza-gigantografia-de-supuesta-alianza-entre-lideres-de-ucs-mas/,Se viraliza gigantografía de supuesta alianza entre líderes de UCS-MAS,Verdadero,Baja
846,boliviaverifica.bo,https://boliviaverifica.bo/verdadero-waldo-albarracin-anuncio-que-declinara-su-candidatura-a-la-alcaldia-de-la-paz/,Verdadero: Waldo Albarracín anunció que declinará su candidatura a la Alcaldía de La Paz,Verdadero,Baja
847,boliviaverifica.bo,https://boliviaverifica.bo/angelica-sosa-pide-la-renuncia-de-funcionarios-publicos-que-no-hagan-campana/,Angélica Sosa pide la renuncia de funcionarios públicos que no hagan campaña,Verdadero,Baja
848,boliviaverifica.bo,https://boliviaverifica.bo/fallecio-el-candidato-de-el-alto-fermin-tarquino-mas-conocido-como-el-chiti-vecino/,"Falleció el candidato de El Alto Fermín Tarquino, más conocido como el “chiti vecino”",Verdadero,Baja
849,boliviaverifica.bo,https://boliviaverifica.bo/pagina-de-adriana-salvatierra-compartio-imagenes-entregando-pruebas-de-coronavirus-con-el-logo-de-su-campana/,Página de Adriana Salvatierra compartió imágenes entregando pruebas de coronavirus con el logo de su campaña,Verdadero,Baja
850,boliviaverifica.bo,https://boliviaverifica.bo/evo-morales-delego-la-designacion-de-candidatos-del-mas-para-las-elecciones-subnacionales/,Evo Morales delegó la designación de candidatos del MAS para las elecciones subnacionales,Verdadero,Baja
851,boliviaverifica.bo,https://boliviaverifica.bo/un-grupo-de-la-comunidad-lgbti-proclamo-a-carlos-romero-para-la-gobernacion-de-santa-cruz/,Un grupo de la comunidad LGBTI+ proclamó a Carlos Romero para la gobernación de Santa Cruz,Verdadero,Baja
852,boliviaverifica.bo,https://boliviaverifica.bo/firmas-en-ambas-cartas-de-la-vocal-rosario-baptista-a-la-oea-son-genuinas/,Firmas en ambas cartas de la vocal Rosario Baptista a la OEA son genuinas,Verdadero,Baja
853,boliviaverifica.bo,https://boliviaverifica.bo/edgar-villegas-hallo-irregularidades-en-proceso-electoral-pero-no-constato-que-haya-habido-fraude/,"Villegas halló irregularidades en proceso electoral, pero no constató fraude",Verdadero,Baja
854,boliviaverifica.bo,https://boliviaverifica.bo/delegado-de-creemos-avalo-transparencia-del-tribunal-electoral-de-santa-cruz/,Delegado de CREEMOS avaló transparencia del Tribunal Electoral de Santa Cruz,Verdadero,Baja
855,boliviaverifica.bo,https://boliviaverifica.bo/periodistas-de-la-red-unitel-fueron-abucheados-por-militantes-de-creemos/,Periodistas de la red Unitel fueron abucheados por militantes de Creemos,Verdadero,Baja
856,boliviaverifica.bo,https://boliviaverifica.bo/luego-de-las-elecciones-hubo-intento-de-enfrentamiento-en-el-plan-tres-mil/,Luego de las elecciones hubo intento de enfrentamiento en el Plan Tres Mil,Verdadero,Baja
857,boliviaverifica.bo,https://boliviaverifica.bo/verdadero-ciesmori-suspendio-resultados-en-boca-de-urnas/,Verdadero: Ciesmori suspendió resultados en boca de urna,Verdadero,Baja
858,boliviaverifica.bo,https://boliviaverifica.bo/llego-una-avioneta-a-san-miguel-de-velasco-pero-fue-una-mision-del-ted-santa-cruz/,Llegó una avioneta a San Miguel de Velasco pero fue una misión del TED Santa Cruz,Verdadero,Baja
859,boliviaverifica.bo,https://boliviaverifica.bo/jorge-tuto-quiroga-declina-candidatura/,Jorge “Tuto” Quiroga declina su candidatura a la presidencia,Verdadero,Baja
860,boliviaverifica.bo,https://boliviaverifica.bo/creemos-hizo-un-taller-de-automaquillaje-para-las-mujeres-en-santa-cruz/,CREEMOS hizo un taller de automaquillaje para las mujeres en Santa Cruz,Verdadero,Baja
861,boliviaverifica.bo,https://boliviaverifica.bo/gobierno-de-adn-si-consolido-proceso-de-condonacion-de-deuda-externa/,Gobierno de ADN sí consolidó proceso de condonación de deuda externa,Verdadero,Baja
862,boliviaverifica.bo,https://boliviaverifica.bo/verdadero-el-90-y-mas-de-la-produccion-de-coca-del-chapare-no-pasa-por-el-mercado-legal/,Verdadero: El 90% y más de la producción de coca del Chapare no pasa por el mercado legal,Verdadero,Baja
863,boliviaverifica.bo,https://boliviaverifica.bo/el-cato-de-coca-es-legal-desde-el-mandato-de-carlos-mesa/,El cato de coca es legal desde el mandato de Carlos Mesa,Verdadero,Baja
864,boliviaverifica.bo,https://boliviaverifica.bo/en-el-anterior-gobierno-si-indicaron-que-cada-boliviano-tenia-4-mil-dolares-en-su-bolsillo/,En el anterior Gobierno sí indicaron que cada boliviano tenía 4 mil dólares en su bolsillo,Verdadero,Baja
865,boliviaverifica.bo,https://boliviaverifica.bo/la-defensoria-del-pueblo-y-el-tribunal-constitucional-se-crearon-mediante-ley-del-congreso-nacional/,La Defensoría del Pueblo y el Tribunal Constitucional se crearon mediante ley del Congreso Nacional,Verdadero,Baja
866,boliviaverifica.bo,https://boliviaverifica.bo/luis-fernando-camacho-no-asistira-al-debate-presidencial-de-esta-noche/,Confirman que Luis Fernando Camacho no asistirá al debate presidencial de esta noche,Verdadero,Baja
867,boliviaverifica.bo,https://boliviaverifica.bo/graban-y-difunden-una-encuesta-telefonica-de-ciesmori/,Graban y difunden una encuesta telefónica de Ciesmori,Verdadero,Baja
868,boliviaverifica.bo,https://boliviaverifica.bo/telesur-y-russia-today-transmitiran-el-debate-de-la-fam/,Telesur y Russia Today transmitirán el debate de la FAM,Verdadero,Baja
869,boliviaverifica.bo,https://boliviaverifica.bo/durante-una-entrevista-camacho-demora-en-encontrar-un-pasaje-biblico-que-le-guste/,"Durante una entrevista, Camacho demora en encontrar un pasaje bíblico que le guste",Verdadero,Baja
870,boliviaverifica.bo,https://boliviaverifica.bo/cifras-de-empadronados-no-se-basan-en-proyecciones-de-ine/,Cifras de empadronados no se basan en proyecciones de INE,Verdadero,Baja
871,boliviaverifica.bo,https://boliviaverifica.bo/confirmado-dona-chevas-esta-registrada-como-candidata-a-diputada-por-fpv/,Confirmado: ‘Doña Chevas’ está registrada como candidata a diputada por FPV,Verdadero,Baja
872,boliviaverifica.bo,https://boliviaverifica.bo/spot-de-comunidad-ciudadana-molesta-a-un-sector-de-la-policia/,Spot de Comunidad Ciudadana molesta a un sector de la Policía,Verdadero,Baja
873,boliviaverifica.bo,https://boliviaverifica.bo/es-cierto-que-chi-hyun-chung-quiere-construir-disneylandia-en-el-salar-de-uyuni-y-otras-frases-polemicas-del-candidato/,Es cierto que Chi Hyun Chung quiere construir Disneylandia en el Salar de Uyuni (y otras frases polémicas del candidato),Verdadero,Baja
874,boliviaverifica.bo,https://boliviaverifica.bo/exembajador-de-bolivia-en-venezuela-esta-habilitado-para-votar-pero-en-colombia/,Exembajador de Bolivia en Venezuela está habilitado para votar… pero en Colombia,Verdadero,Baja
875,boliviaverifica.bo,https://boliviaverifica.bo/candidata-de-fpv-asegura-que-no-traicionara-al-elector-como-hace-un-ex/,Candidata de FPV asegura que no traicionará al elector como hace “un ex”,Verdadero,Baja
876,boliviaverifica.bo,https://boliviaverifica.bo/caravana-del-frente-para-la-victoria-fue-agredida-en-el-alto/,Caravana del Frente Para la Victoria fue agredida en El Alto,Verdadero,Baja
877,boliviaverifica.bo,https://boliviaverifica.bo/facebook-elimino-paginas-que-desinformaban-conozca-cuales-estaban-vinculadas-a-bolivia/,Facebook eliminó páginas que desinformaban: conozca cuáles estaban vinculadas a Bolivia,Verdadero,Baja
878,boliviaverifica.bo,https://boliviaverifica.bo/es-cierto-seguidores-del-mas-pidieron-a-arce-que-no-lleve-la-wiphala-en-campana-en-santa-cruz/,¡Es cierto! Seguidores del MAS pidieron a Arce que no lleve la Wiphala en campaña en Santa Cruz,Verdadero,Baja
879,boliviaverifica.bo,https://boliviaverifica.bo/sala-constitucional-de-la-paz-inhabilita-candidatura-de-evo-por-el-senado-de-cochabamba/,Sala Constitucional de La Paz inhabilita candidatura de Evo por el Senado de Cochabamba,Verdadero,Baja
880,boliviaverifica.bo,https://boliviaverifica.bo/las-publicaciones-de-la-presidenta-jeanine-anez-no-son-patrocinadas-por-la-alianza-juntos/,Las publicaciones de la presidenta Jeanine Áñez son patrocinadas por la alianza Juntos,Verdadero,Baja
881,boliviaverifica.bo,https://boliviaverifica.bo/la-activista-alejandra-serrate-respalda-la-candidatura-de-luis-fernando-camacho/,La activista Alejandra Serrate respalda la candidatura de Luis Fernando Camacho,Verdadero,Baja
882,boliviaverifica.bo,https://boliviaverifica.bo/verdadero-luis-arce-propone-un-impuesto-a-la-riqueza/,"Verdadero, Luis Arce propone un impuesto a la riqueza",Verdadero,Baja
883,boliviaverifica.bo,https://boliviaverifica.bo/tirania-fraude-y-muerte-el-mensaje-que-un-diputado-pone-en-las-pantallas-en-plena-sesion-de-la-asamblea/,"“Tiranía, fraude y muerte”: El mensaje que un diputado pone en las pantallas en plena sesión de la Asamblea",Verdadero,Baja
884,boliviaverifica.bo,https://boliviaverifica.bo/la-cob-si-instruyo-el-paso-libre-de-ambulancias-y-camiones-con-oxigeno/,La COB sí instruyó el paso libre de ambulancias y camiones con oxígeno,Verdadero,Baja
885,boliviaverifica.bo,https://boliviaverifica.bo/mujer-vestida-de-cholita-hizo-un-reclamo-desde-espana-por-las-elecciones/,Mujer vestida de cholita hizo un reclamo desde España por las elecciones,Verdadero,Baja
886,boliviaverifica.bo,https://boliviaverifica.bo/es-verdad-que-el-tse-puede-anular-la-candidatura-del-mas/,Es verdad que el TSE puede anular la candidatura del MAS,Verdadero,Baja
887,boliviaverifica.bo,https://boliviaverifica.bo/verdadero-salud-de-candidato-presidencial-de-pan-bol-se-encuentra-en-estado-critico/,Verdadero: Salud de candidato presidencial de PAN Bol se encuentra en estado crítico,Verdadero,Baja
888,boliviaverifica.bo,https://boliviaverifica.bo/a-traves-de-pronunciamientos-ciudadanos-piden-suspender-elecciones-e-invitan-a-cabildos-digitales/,"A través de pronunciamientos, ciudadanos piden suspender elecciones e invitan a cabildos digitales",Verdadero,Baja
889,boliviaverifica.bo,https://boliviaverifica.bo/19-tareas-pendientes-tiene-el-tse-y-entre-ellas-no-esta-abrir-el-padron/,"19 tareas pendientes tiene el TSE y entre ellas no estaba abrir el Padrón, pero lo abrirá",Verdadero,Baja
890,boliviaverifica.bo,https://boliviaverifica.bo/alianza-creemos-de-camacho-pide-al-tse-suspender-elecciones/,Alianza Creemos de Camacho pide al TSE suspender elecciones,Verdadero,Baja
891,boliviaverifica.bo,https://boliviaverifica.bo/candidatos-a-diputados-por-juntos-y-funcionarios-municipales-se-reunieron-en-teatro-al-aire-libre-de-la-paz/,Candidatos a diputados por “Juntos” y funcionarios municipales se reunieron en Teatro Al Aire Libre de La Paz,Verdadero,Baja
892,boliviaverifica.bo,https://boliviaverifica.bo/tse-inhabilita-candidatura-de-evo-morales/,TSE inhabilita candidatura de Evo Morales,Verdadero,Baja
893,boliviaverifica.bo,https://boliviaverifica.bo/tuto-anuncia-su-participacion-en-las-elecciones-del-3-de-mayo/,“Tuto” anuncia su participación en las Elecciones del 3 de mayo,Verdadero,Baja
894,boliviaverifica.bo,https://boliviaverifica.bo/chi-hyun-chung-ya-no-sera-candidato-del-pdc/,Chi Hyun Chung ya no será candidato del PDC,Verdadero,Baja
895,boliviaverifica.bo,https://boliviaverifica.bo/por-irregularidades-informe-preliminar-de-la-oea-recomienda-nuevas-elecciones/,"Por irregularidades, informe preliminar de la OEA recomienda nuevas elecciones",Verdadero,Baja
896,boliviaverifica.bo,https://boliviaverifica.bo/experto-chileno-en-elecciones-esta-en-bolivia-pero-no-trabaja-en-la-auditoria/,"Experto chileno en elecciones está en Bolivia, pero no trabaja en la auditoría",Verdadero,Baja
897,boliviaverifica.bo,https://boliviaverifica.bo/es-verdad-el-vocal-antonio-costas-renuncia-al-tse/,"Es verdad, el vocal Antonio Costas renuncia al TSE",Verdadero,Baja
898,boliviaverifica.bo,https://boliviaverifica.bo/verdadero-que-policia-echa-gas-en-el-rostro-a-una-mujer-durante-manifestaciones-por-resultados-de-las-elecciones/,Verdadero que policía echa gas en el rostro a una mujer durante manifestaciones por resultados de las Elecciones,Verdadero,Baja
899,boliviaverifica.bo,https://boliviaverifica.bo/el-tde-de-la-paz-declara-cuarto-intermedio-en-el-computo-de-votos-por-incidentes/,El TDE de La Paz declara cuarto intermedio en el cómputo de votos por incidentes,Verdadero,Baja
900,boliviaverifica.bo,https://boliviaverifica.bo/verdadero-manfred-reyes-villa-se-pronuncia-dias-antes-de-las-elecciones/,"Verdadero, Manfred Reyes Villa se pronuncia días antes de las Elecciones",Verdadero,Baja
901,boliviaverifica.bo,https://boliviaverifica.bo/verdadero-que-orlando-careaga-candidato-a-senador-por-el-mas-en-potosi-fue-diputado-por-el-mnr-en-2002/,"Verdadero que Orlando Careaga, candidato a senador por el MAS en Potosí, fue diputado por el MNR en 2002",Verdadero,Baja
902,boliviaverifica.bo,https://boliviaverifica.bo/verdadero-que-rafael-quispe-se-presenta-como-candidato-a-la-gobernacion-de-la-paz/,Verdadero que Rafael Quispe se presenta como candidato a la gobernación de La Paz,Verdadero,Baja
903,boliviaverifica.bo,https://boliviaverifica.bo/samuel-doria-medina-si-apoyara-a-carlos-mesa-en-las-elecciones-generales-2019/,Samuel Doria Medina sí apoyará a Carlos Mesa en las Elecciones Generales 2019,Verdadero,Baja
904,boliviaverifica.bo,https://boliviaverifica.bo/si-es-verdad-maria-eugenia-choque-presidenta-del-tse-fue-viceministra-durante-el-mandato-de-mesa/,"Sí, es verdad, María Eugenia Choque, presidenta del TSE, fue viceministra durante el mandato de Mesa",Verdadero,Baja
905,boliviaverifica.bo,https://boliviaverifica.bo/periodista-afirma-que-candidato-a-diputado-por-comunidad-ciudadana-publico-encuesta-no-autorizada/,Periodista afirma que candidato a diputado por Comunidad Ciudadana publicó encuesta no autorizada,Verdadero,Baja
906,boliviaverifica.bo,https://boliviaverifica.bo/verdadera-postulacion-de-chin-hyun-chung-por-el-pdc/,Chin Hyun Chung se presenta como candidato a la presidencia por el PDC,Verdadero,Baja
907,boliviaverifica.bo,https://boliviaverifica.bo/verdadero-que-edwin-rodriguez-renuncia-como-candidato-de-bolivia-dice-no/,Verdadero que Edwin Rodríguez renuncia como candidato de Bolivia Dice No,Verdadero,Baja
908,boliviaverifica.bo,https://boliviaverifica.bo/verdadero-que-tse-rechaza-renuncia-de-jaime-paz/,Verdadero que TSE rechaza renuncia de Jaime Paz,Verdadero,Baja
909,boliviaverifica.bo,https://boliviaverifica.bo/verdadero-que-el-tse-garantiza-equidad-de-genero-en-las-elecciones-generales/,Verdadero que el TSE garantiza equidad de género en las elecciones generales.,Verdadero,Baja
910,boliviaverifica.bo,https://boliviaverifica.bo/verdadero-tse-remitio-informe-del-caso-morochata/,Verdadero: TSE remitió informe del caso Morochata.,Verdadero,Baja
1559,chequeabolivia.bo,https://chequeabolivia.bo/es-verdad-que-la-nueva-gerente-de-emapa-fue-candidata-del-mas-en-las-ultimas-elecciones-generales,Es verdad que la nueva gerente de Emapa fue candidata del MAS en las últimas elecciones generales,Verdadero,Baja
1560,chequeabolivia.bo,https://chequeabolivia.bo/es-verdad-que-samuel-doria-medina-critico-bukele-por-su-reeleccion-y-ahora-lo-felicita-por-su-exito,Es verdad que Samuel Doria Medina criticó a Bukele por su reelección y ahora lo felicita por su “éxito” en el combate contra el crimen,Verdadero,Baja
1561,chequeabolivia.bo,https://chequeabolivia.bo/es-verdad-que-tuto-quiroga-antes-criticaba-trump-y-que-tras-su-victoria-electoral-se-acerco-el,Es verdad que ‘Tuto’ Quiroga antes criticaba a Trump y que tras su victoria electoral se acercó a él,Verdadero,Baja
1562,chequeabolivia.bo,https://chequeabolivia.bo/candidata-del-mas-regala-fosforos-para-hacer-campana,Candidata del MAS regala fósforos para hacer campaña,Verdadero,Baja
1563,chequeabolivia.bo,https://chequeabolivia.bo/candidato-diputado-de-creemos-ofrece-talleres-de-automaquillaje-y-liderazgo-para-empoderar-la-mujer,Candidato a diputado de Creemos ofrece talleres de automaquillaje y liderazgo para empoderar a la mujer,Verdadero,Baja
1564,chequeabolivia.bo,https://chequeabolivia.bo/congresistas-de-eeuu-exigen-evaluacion-transparente-del-informe-de-la-oea-sobre-las-elecciones-en,Congresistas de EEUU exigen evaluación transparente del informe de la OEA sobre las elecciones en Bolivia,Verdadero,Baja
1565,chequeabolivia.bo,https://chequeabolivia.bo/excandidato-de-fpv-que-critica-al-mas-hizo-campana-por-el-si-en-2016,Excandidato de FPV que critica al MAS hizo campaña por el SÍ en 2016,Verdadero,Baja
1566,chequeabolivia.bo,https://chequeabolivia.bo/doria-medina-comparte-encuesta-no-oficial-en-facebook,Doria Medina comparte encuesta no oficial en Facebook,Verdadero,Baja
1567,chequeabolivia.bo,https://chequeabolivia.bo/alcaldia-de-santa-cruz-de-la-sierra-solicita-produccion-de-ivermectina,Alcaldía de Santa Cruz de la Sierra solicita producción de Ivermectina,Verdadero,Baja
1568,chequeabolivia.bo,https://chequeabolivia.bo/manfred-reyes-villa-sugiere-postergar-las-elecciones-hasta-el-proximo-ano,Manfred Reyes Villa sugiere postergar las elecciones hasta el próximo año,Verdadero,Baja
1569,chequeabolivia.bo,https://chequeabolivia.bo/manfred-reyes-villa-en-reuniones-junto-gente-de-creemos,Manfred Reyes Villa en reuniones junto a gente de Creemos,Verdadero,Baja
1570,chequeabolivia.bo,https://chequeabolivia.bo/integrante-de-pk2-pide-modificar-la-fecha-de-las-elecciones-al-tse,Integrante de PK2 pide modificar la fecha de las elecciones al TSE,Verdadero,Baja
1571,chequeabolivia.bo,https://chequeabolivia.bo/medio-de-comunicacion-alternativo-cubano-confirma-la-reeleccion-de-evo-morales-sin-haberse,Medio de comunicación alternativo cubano confirma la reelección de Evo Morales sin haberse publicado los resultados del cómputo oficial,Verdadero,Baja
1631,chequeabolivia.bo,https://chequeabolivia.bo/es-verdad-que-la-nueva-directora-de-la-anh-fue-viceministra-de-evo-morales,"Es verdad que la nueva directora de la ANH fue viceministra de Evo Morales. Margot Ayala fue viceministra de Industrialización, Comercialización, Transporte y Almacenaje de Hidrocarburos desde 2017 hasta 2018. En TikTok circula que la nueva directora ejecutiva de la Agencia Nacional de Hidrocarburos (ANH), Margot Ayala, fue viceministra durante la gestión de Evo Morales ( 1 , 2 y 3 ). ChequeaBolivia verificó que la información es verdadera. Nuestro equipo confirmó la información tras buscar el nombre de la ejecutiva en publicaciones anteriores de medios de comunicación. Ayala fue viceministra de Industrialización, Comercialización, Transporte y Almacenaje de Hidrocarburos desde el 12 de julio de 2017, cargo que dependía del Ministerio de Hidrocarburos, durante la gestión del expresidente Evo Morales. En aquella ocasión, Ayala expresó su compromiso “por continuar con el proceso de cambio que vive el país, apoyando la industrialización que es uno de nuestros mayores retos y toda la política sectorial”, según una nota del periódico Opinión. La información también fue registrada en los portales del IBCE , la CBHE , Erbol , que publicaron notas y fotografías relacionadas. Captura de la nota de Erbol sobre la posesión de Ayala como Viceministra en 2017. De acuerdo con su perfil en LinkedIn , Ayala trabajó en ese Viceministerio hasta marzo de 2018. Después ocupó cargos en la Gerencia de Contratos de Exportación de Yacimientos Petrolíferos Fiscales Bolivianos (YPFB), y posteriormente impulsó emprendimientos ecológicos y artísticos, entre otros. Su actividad más reciente corresponde a una consultoría externa en el Banco Interamericano de Desarrollo (BID). No existen detalles públicos sobre su gestión como viceministra durante el Gobierno de Morales. ChequeaBolivia se contactó con el equipo de prensa de Ayala para obtener su versión. Hasta la fecha de esta publicación, no se recibió respuesta. Fuentes: Notas de prensa sobre la posesión de Ayala como viceministra disponibles en Opinión , IBCE , CBHE y Erbol Perfil profesional de Margot Ayala en LinkedIn Tags Margot Ayala ANH MAS Rodrigo Paz Tendencia Política Indeterminada Fecha Publicación Web Thu, 11/13/2025 - 08:53 Log in to post comments",Verdadero,Baja
1632,chequeabolivia.bo,https://chequeabolivia.bo/garcia-linera-nunca-he-querido-ser-presidente-y-menos-vicepresidente,"García Linera: Nunca he querido ser presidente y menos vicepresidente. Los pasados días se estuvo viralizando la imagen que se reproduce a través de redes sociales en la que se lee una cita del vicepresidente Álvaro García Linera. Dicho texto es verdadero; sin embargo, corresponde a una entrevista de 2017. La declaración fue hecha por el Vicepresidente en una entrevista con Radio El Deber el 14 de febrero de 2017. Por tanto, que sea viralizada a más de dos años de su difusión, parece responder a una intención de manipulación. FUENTE: Radio El Deber Tags García Linera Log in to post comments",Verdadero,Baja
1633,chequeabolivia.bo,https://chequeabolivia.bo/es-verdad-que-luis-arce-actualmente-gana-bs-24978-y-david-choquehuanca-bs-23591,"Es verdad que Luis Arce actualmente gana Bs. 24.978 y David Choquehuanca Bs. 23.591. Los datos de esta publicación difunden los salarios de 2019 y 2024 establecidos en los decretos supremos 3889 y 5155. Por Lucas Illanes En Facebook circula una publicación que muestra el aumento salarial de los más altos cargos ejecutivos del país: el presidente, vicepresidente y ministros. ChequeaBolivia verificó que se difunde información verdadera. La publicación compara cuánto aumentaron los salarios de estas autoridades desde 2019 hasta 2024 basándose en información recabada de decretos supremos 3889 y 5155 . Muestra que el sueldo del presidente del Estado, Luis Arce, aumentó de 24.251 en 2019 a 24.978 bolivianos en 2024; el del vicepresidente, David Choquehuanca, de 22.904 a 23.591 bolivianos; y el de los ministros, de 21.556 a 22.202 bolivianos. Para corroborar los datos, ChequeaBolivia revisó los decretos supremos 3889 y 5155 en la Gaceta Oficial del Estado y efectivamente, todas las cifras coinciden con los de la publicación. Ambos decretos son de incrementos salariales de funcionarios estatales, una promulgada en mayo de 2019 en la gestión del expresidente, Evo Morales, y otra en mayo de este año durante la gestión del presidente Arce. Esta medida corresponde a la decisión del Gobierno de incrementar en 5,85 por ciento el Salario Mínimo Nacional que corresponde a 2.500 bolivianos y el haber básico en 3 por ciento. Cabe aclarar que la publicación también presenta la diferencia entre los sueldos de estas autoridades entre 2019 y 2024. Aunque el sueldo del vicepresidente aumentó en 687 bolivianos y el de los ministros en 646 bolivianos, la publicación intercambia estas cifras. Esta falta de precisión no afecta la calificación de ""verdadero"" asignada por ChequeaBolivia. Fuentes: Decreto Supremo 3889 recabado de la Gaceta Oficial del Estado Decreto Supremo 5155 recabado de la Gaceta Oficial del Estado Nota publicada por el Ministerio de Economía y Finanzas Tags Luis Arce Catacora Economía David Choquehuanca Salario Tendencia Política Indeterminada Fecha Publicación Web Wed, 06/19/2024 - 17:18 Log in to post comments",Verdadero,Baja
1634,chequeabolivia.bo,https://chequeabolivia.bo/el-video-viral-que-muestra-una-nina-recitar-un-poema-antiimperialista-en-el-aniversario-del-mas-es,"El video viral que muestra a una niña recitar un poema “antiimperialista” en el aniversario del MAS es verdadero. El hecho quedó registrado en las transmisiones en vivo de medios locales. El poema inicia así: “Maldito, gringo, imperialista, enfermo, capitalista”. Por Lucas Illanes Mediante Facebook, Tiktok y WhatsApp ( 1 , 2 , 3 , 4 , 5 ) se comparte un video en el que aparece una niña durante el aniversario del Movimiento Al Socialismo (MAS) recitando ante una multitud y líderes de este partido político un poema “antiimperialista” que comienza de la siguiente manera: “Maldito, gringo, imperialista, enfermo, capitalista”. ChequeaBolivia verificó que se trata de un video real. Tras una revisión a la transmisión en vivo de Radio Kausachun Coca por el aniversario del MAS celebrado el pasado domingo en Ivirgarzama, se comprobó que la niña empezó a recitar este poema a partir del minuto 29. En otra transmisión del evento difundida por Radio Carrasco también se escucha a la menor recitar el poema que compartieron los usuarios. El poema recitado es el siguiente: “Maldito gringo imperialista Enfermo, capitalista, fascista, racista, colonialista, golpista, imperialista Enemigo de la humanidad, mataste los sueños de la humanidad Armaste soldados en contra de la sociedad Sudamérica en su integridad clama libertad Hermanos originarios milenarios, hermanos originarios contemporáneos La patria nos llama, amenazado al exterminio, hay que salvar con honor y valor Somos anticapitalistas, somos antiimperialistas, Nunca nos rendimos, jamás nos rendiremos Revolución democrática cultural para salvar a la humanidad de la crisis social Paz con justicia social América Plurinacional Qué viva Evo Morales Qué viva el Estado Plurinacional”. Durante el evento, el maestro de ceremonias anunció a la menor con su nombre y su unidad educativa, lo que también se difunde por los medios mencionados. La grabación muestra que la niña recita el poema en presencia del presidente del Estado Luis Arce, el vicepresidente David Choquehuanca, el senador Andrónico Rodríguez, el expresidente Evo Morales, y otras figuras públicas del MAS. Fuentes: Transmisión en vivo de Radio Kausachun Coca archivada en Archive.li Transmisión en vivo de Radio Carrasco archivada en Archive.li Tags MAS Tendencia Política No simpatizantes del MAS Fecha Publicación Web Tue, 03/28/2023 - 17:03 Log in to post comments",Verdadero,Baja
1635,chequeabolivia.bo,https://chequeabolivia.bo/index%2ephp/es-verdadero-el-tuit-del-presidente-electo-de-chile-donde-afirma-que-en-bolivia-hubo-golpe-en-2019,"Es verdadero el tuit del presidente electo de Chile donde afirma que en Bolivia hubo “golpe” en 2019. El tuit fue publicado el 10 de noviembre de 2019 en la cuenta verificada del presidente electo de Chile. En las redes sociales circula una imagen de un supuesto tuit del presidente electo de Chile, Gabriel Boric Font, acompañada del siguiente texto: “Terrible lo de Bolivia. Los golpes de Estado y la intervención militar nunca son las soluciones a crisis institucionales. Repudio absoluto al golpe en país hermano. Ojalá en nuestro país nadie vuelva a validar esta via para resolver nuestros problemas políticos”. ChequeaBolivia verificó que se trata de un contenido verdadero. ChequeaBolivia realizó una revisión en la cuenta oficial de Twitter de Boric y constató que, el 10 de noviembre de 2019, publicó dicha información a través de su cuenta de Twitter verificada. Terrible lo de Bolivia. Los golpes de Estado y la intervención militar nunca son las soluciones a crisis institucionales. Repudio absoluto al golpe en país hermano. Ojalá en nuestro país nadie vuelva a validar esta via para resolver nuestros problemas políticos. — Gabriel Boric Font (@gabrielboric) November 10, 2019 La captura de la imagen circula después de que el diputado José Manuel Ormachea de Comunidad Ciudadana solicitara que el presidente electo de Chile “reconozca que Evo Morales renunció producto del fraude que cometió”. Debemos demandarle al nuevo Pdte. de Chile @gabrielboric que reconozca que Evo Morales renunció producto del fraude que cometió.El Estado chileno reconoció la legalidad del Gobierno Transitorio 2019-2020 en Bolivia. Es un deber de todo Pdte. de Chile reafirmar ese reconocimiento. — José Manuel Ormachea ?? (@JoseMOrmachea) December 20, 2021 FUENTE: Revisión de la cuenta oficial de Twitter del presidente electo de Chile, Gabriel Boric Font Revisión hemerográfica Tags Gabriel Boric Tendencia Política Simpatizantes del MAS Fecha Publicación Web Tue, 12/21/2021 - 16:03 Log in to post comments",Verdadero,Baja
1636,chequeabolivia.bo,https://chequeabolivia.bo/es-verdad-que-barrientos-y-ormachea-de-comunidad-ciudadana-se-vacunaron-fuera-del-rango-de-edad,"Es verdad que Barrientos y Ormachea de Comunidad Ciudadana se vacunaron fuera del rango de edad. Ambos asambleístas están registrados como vacunados en el Sistema Único de Salud. En Facebook y Twitter circulan carnets de vacunación de los asambleístas de Comunidad Ciudadana (CC), Andrea Barrientos y José Manuel Ormachea, ambos de 32 años de edad, indicando que habrían sido inmunizados contra el coronavirus. ChequeaBolivia constató que se trata de información verdadera. ChequeaBolivia mediante el escaneo del código QR del carnet de vacunación que circulaba en Twitter con los datos de la senadora Andrea Barrientos constató que el documento era real. El código QR condujo al sitio web del Sistema Único de Salud (SUS) donde se encuentran las fichas de vacunación de todos los ciudadanos inmunizados en el país, mediante el que se corroboró que Barrientos fue vacunada el 1 de junio en el Centro de Salud Integral “Asistencia Pública”; cuando para la fecha los únicos habilitados para vacunarse según el Ministerio de Salud y Deportes eran las personas mayores de 40 años, o que presentaran enfermedades de base, además de policías, maestros, choferes del transporte público urbano, periodistas y personal de salud, trabajadores que presentan mayores posibilidades de contagio. ChequeaBolivia contactó a Barrientos para consultar bajo qué motivo se la inmunizó, a lo que la senadora aseguró que la habían vacunado en la Cámara de Senadores, y no respondió más interrogantes. Por lo tanto, ChequeaBolivia se contactó con la Unidad de Comunicación de la Cámara de Senadores para corroborar la versión de Barrientos, pero se derivó la consulta a la Dirección Social de la Cámara, desde dónde nuevamente derivaron la consulta a la Unidad de Comunicación, quienes ya no contestaron. Del mismo modo, en Facebook circulaba el carnet de vacunación del diputado de CC, José Manuel Ormachea , de también 32 años, cuya búsqueda en el sitio web del SUS certifica su vacunación el 26 de mayo, el mismo día que, según el Viceministerio de Comunicación, iniciaba la vacunación a mayores de 40 años y/o los trabajadores antes mencionados. Mediante una publicación en su página de Facebook, Ormachea aseguró que se vacunó en la Cámara de Diputados bajo el criterio de la aglomeración que existe en el hemiciclo de la Asamblea. Además, mediante su cuenta de Twitter compartió la imagen de un comunicado de la Oficialía Mayor, que mediante la Dirección de Recursos Humanos de la Cámara de Diputados instruyó que el 15 de junio se aplicaría la segunda dosis de la vacuna de Sinopharm a quienes recibieron la primera dosis el 26 de mayo. (*) En contacto con ChequeaBolivia, Ormachea señaló que tanto diputados de oposición como del oficialismo fueron vacunados sin importar el rango de edad, tras gestiones realizadas por el presidente de la Cámara de Diputados, Freddy Mamani para habilitar un punto de vacunación. Recalcó que su vacunación no fue ilegal, sino todo lo contrario. Para los que me acusan de haberme vacunado ""ilegalmente"". Acá la prueba de que no es así. pic.twitter.com/Bf5VytkZui — José Manuel Ormachea ?? (@JoseOrmi) June 15, 2021 (*) ChequeaBolivia incluye este cambio en la nota publicada a solicitud del diputado de Comunidad Ciudadana (CC), José Ormachea a las 17:42 del 16 de junio de 2021, en contacto con ChequeaBolivia. FUENTES Ministerio de Salud y Deportes – Bolivia Segura Página de Facebook del Viceministerio de Comunicación Servicio Único de Salud Andrea Barrientos Página de Facebook de José Manuel Ormachea Cuenta de Twitter de José Manuel Ormachea Tags Vacunación Tendencia Política Simpatizantes del MAS Fecha Publicación Web Wed, 06/16/2021 - 14:34 Log in to post comments",Verdadero,Baja
1637,chequeabolivia.bo,https://chequeabolivia.bo/es-verdad-que-el-sistema-nacional-de-informacion-en-salud-registro-evaliz-morales-como-vacunada,"Es verdad que el Sistema Nacional de Información en Salud registró a Evaliz Morales como vacunada contra el COVID-19. El código QR dirige a un enlace del Registro Nominal de Vacunación Electrónica del Sistema Nacional de Información en Salud. Por Lucas Illanes En Facebook y Twitter circula una imagen de un carnet de vacunación Covid- 19  mostrando que la hija del expresidente Evo Morales, Evaliz Morales Alvarado, de 26 años, recibió su primera dosis. ChequeaBolivia verificó que la información es verdadera. La imagen que se comparte en Facebook no permitía ver todos los detalles debido a su baja resolución. Tras una búsqueda en Twitter, ChequeaBolivia constató que una usuaria publicó otra imagen que muestra con más claridad otros elementos, como ser el código QR. El escaneo de este código dirige a un enlace del Registro Nominal de Vacunación Electrónica del Sistema Nacional de Información en Salud, en el que se establece que se vacunó a Evaliz Morales en la Caja Bancaria Estatal de Salud – “Clinica Modelo La Paz"" con la primera dosis de la vacuna Sputnik-V. La fecha de la vacunación es del 24 de mayo 2021. La página web de la Caja Bancaria Estatal de Salud indica en un comunicado del 24 de mayo que se vacuna a personas de 40 a  mayores a 60 años “con o sin patologías de base”. Para asegurar que se trata de la hija de Morales de 26 años de edad, ChequeaBolivia verificó que la fecha de nacimiento de la persona registrada como vacunada  (24.09.1994) coincide con la información brindada de medios de comunicación en anteriores ocasiones ( 1 , 2 y 3 ). La última disposición del Gobierno establece que de acuerdo a lo programado sólo las personas mayores de 40 años y choferes del transporte público pueden vacunarse. El Gobierno permite que otros sectores como ser periodistas, personal médico, policías y personas con enfermedad de base, entre otros, también acudan a los centros de vacunación. ChequeaBolivia se contactó con Evaliz Morales vía Twitter, quien es funcionaria pública de la Procuraduría General del Estado , para pedir aclaraciones al respecto. Hasta el momento de esta publicación, no se obtuvo una respuesta. Fuentes: Enlace del Registro Nominal de Vacunación Electrónica del Sistema Nacional de Información en Salud registrado con archive.today Revisión hemerográfica ( 1 , 2 y 3 ) Página web del Viceministerio de Comunicación página web de la Caja Bancaria Estatal de Salud Tuit del procurador general del Estado, Wilfredo Chávez Tags Evaliz Morales Fecha Publicación Web Sun, 06/13/2021 - 13:07 Log in to post comments",Verdadero,Baja
1638,chequeabolivia.bo,https://chequeabolivia.bo/index%2ephp/es-verdad-que-el-ministerio-de-gobierno-publico-que-diputado-colque-de-40-anos-es-de-la-tercera,"Es verdad que el Ministerio de Gobierno publicó que diputado Colque de 40 años es de la “tercera edad”. La información fue editada aunque sigue visible debido a que se observa en el historial de cambios que se hizo en una publicación. Por Lucas Illanes En Twitter circula información indicando que el diputado del Movimiento Al Socialismo (MAS), Antonio Colque, de 40 años “aparece como persona de la tercera edad” en una publicación del Ministerio de Gobierno. ChequeaBolivia verificó que la información es verdadera. Varios medios de comunicación registraron, el 8 de junio, en una sesión de la Asamblea Legislativa, a la que asistió el ministro de Gobierno, Eduardo del Castillo, para una interpelación, una pelea entre legisladores del oficialismo y la oposición. A través de una revisión de la página de Facebook del Ministerio de Gobierno, ChequeaBolivia verificó que la entidad estatal publicó lo siguiente : “ El senador por Creemos, Henry Cabrera, se abalanzó a los puños sobre un diputado de la tercera edad, el diputado Colque, representante de los pueblos indígenas, quien se encuentra con golpes en su integridad”. Posteriormente, se editó esta información aunque sigue visible debido a que se observa en el historial de cambios que se hizo en una publicación. Distintos medios de comunicación también informaron que Colque era una persona de la tercera edad ( 1 , 2 , 3 y 4 ). De acuerdo a la Ley General de las Personas Adultas Mayores , son adultas mayores las personas que tienen “sesenta (60) o más años”. Consultado por el tema, Colque aseguró a ChequeaBolivia que la información que circula es “falsa”. “ Tengo 40 años”, afirmó. Además, la página web de la Cámara de Diputados señala que Colque nació el 8 Marzo de 1981 . Fuentes: Publicación de la página de Facebook del Ministerio de Gobierno recabado del historial de cambios Ley General de las Personas Adultas Mayores Diputado Antonio Colque Página web de la Cámara de Diputados Publicaciones de medios de comunicación ( 1 , 2 , 3 y 4 ) Tags Ministerio de Gobierno Fecha Publicación Web Thu, 06/10/2021 - 14:49 Log in to post comments",Verdadero,Baja
1639,chequeabolivia.bo,https://chequeabolivia.bo/index%2ephp/camara-de-diputados-borra-un-tuit-que-muestra-lidia-patty-aprobando-ley-de-prorroga-de-mandato,"Cámara de Diputados borra un tuit que muestra a Lidia Patty aprobando ley de “prórroga de mandato constitucional” que incluía a Áñez. El tuit eliminado se publicó el 17 de enero del 2020 y quedó registrado en WayBack Machine Por Lucas Illanes En Facebook circula la información de que la cuenta de Twitter de la Cámara de Diputados de Bolivia eliminó un tuit que anunciaba la sanción por unanimidad de la “Ley Excepcional de Prórroga de Mandato Constitucional de Autoridades Electas”, entre las que se incluía a Jeanine Áñez.  ChequeaBolivia verificó que es información verdadera. Tras una revisión a la cuenta de oficial de esta instancia legislativa , se constató que el tuit no está disponible. Sin embargo, el tuit quedó registrado con una herramienta, Wayback Machine, que sirve para almacenar contenidos que pueden ser eliminados. El tuit fue publicado el 17 de enero del 2020. En estas fotografías aparece la exdiputada del MAS Lidia Patty levantando la mano. Patty inició un proceso penal que denuncia  un “golpe de Estado”. “El pleno de la Cámara de Diputados sanciona por unanimidad la ‘Ley Excepcional de Prórroga de Mandato Constitucional de Autoridades Electas’”, anunció la cuenta en esa ocasión . Captura del  tuit eliminado que fue recuperado de WayBack Machine. Varios medios replicaron esta información pues esta ley incluía la prórroga de mandato de la expresidenta Jeanine Áñez  ( 1 , 2 , 3 y 4 ). Posteriormente esta norma fue promulgada por Áñez y permanece en la Gaceta Oficial de Bolivia . En su artículo 4 se establece: “ Excepcionalmente se prorroga el mandato de la Presidenta del Estado Plurinacional, las y los Asambleístas de la Asamblea Legislativa Plurinacional y las Autoridades Electas de las Entidades Territoriales Autónomas elegidas para el periodo 2015-2020 hasta la posesión de las nuevas autoridades para el periodo 2020-2025”. Fuentes: Cuenta de Twitter de la Cámara de Diputados Tuit eliminado recuperado de WayBack Machine Revisión de hemeroteca ( 1 , 2 , 3 y 4 ) Gaceta Oficial de Bolivia Tags Cámara de Diputados Tendencia Política No simpatizantes del MAS Fecha Publicación Web Wed, 03/17/2021 - 12:06 Log in to post comments",Verdadero,Baja
1640,chequeabolivia.bo,https://chequeabolivia.bo/arce-si-reconocio-anez-como-presidenta-transitoria-constitucional-durante-una-entrevista-en-2020,"Arce sí reconoció a Áñez como presidenta “transitoria constitucional” durante una entrevista en 2020. “Es transitoria constitucional"", respondió en una entrevista el 21 de mayo 2020. En Facebook se comparte un video  en el que se observa al presidente del Estado, Luis Arce Catacora, en una entrevista afirmando que la expresidenta, Jeanine  Áñez, es “transitoria constitucional”. ChequeaBolivia verificó que el contenido es verdadero. Se trata una entrevista a Arce cuando era candidato presidencial en un programa  televisivo emitido el 21 de mayo 2020 y conducido por la periodista Jimena Antelo. La entrevista se subió a YouTube en el canal “No Mentiras PAT”. A partir del min 40 y 54’’ del video , se escucha que Antelo pregunta a Arce si Áñez “es presidenta constitucional o de facto” en cuatro oportunidades, a lo que él respondió: “Es transitoria constitucional”. A continuación se muestra el fragmento del video. La jueza Regina Santa Cruz  decidió  el domingo (14.03.2021) enviar a la expresidenta Jeanine Áñez y  a dos exministros  a prisión preventiva durante cuatro meses por el caso “Golpe de Estado” ( 1 , 2 , y 3 ). Fuentes: Entrevista de Luis Arce en No Mentirás Revisión de hemeroteca ( 1 , 2 , y 3 ) Tags Luis Arce Catacora Tendencia Política No simpatizantes del MAS Fecha Publicación Web Tue, 03/16/2021 - 16:31 Log in to post comments",Verdadero,Baja
1641,chequeabolivia.bo,https://chequeabolivia.bo/index%2Ephp/es-verdad-que-la-defensoria-del-pueblo-elimino-un-tuit-que-sugeria-la-renuncia-de-morales-y-linera,"Es verdad que la Defensoría del Pueblo eliminó un tuit que sugería la renuncia de Morales y Linera en 2019. Herramienta digital que sirve para almacenar contenidos que pueden ser eliminados confirma que el tuit es real y fue publicado  el 10 de noviembre de 2019. En Twitter y Facebook circula la información de que la Defensoría del Pueblo eliminó un tuit que pedía la renuncia del expresidente Evo Morales, y el exvicepresidente Álvaro García Linera. ChequeaBolivia verificó que se trata de información verdadera. A través del uso de la herramienta digital Wayback Machine , que sirve para almacenar contenidos que pueden ser eliminados; ChequeaBolivia verificó que el tuit es real y fue publicado  el 10 de noviembre de 2019. “Apelando el compromiso con la Patria, se sugiere al Primer Mandatario y al vicepresidente del Estado, considerar la dimisión de su cargo para lograr la pacificación del Estado Plurinacional de Bolivia”, publicó la cuenta oficial de la Defensoría en ese entonces. Captura del tuit de la Defensoría del Pueblo almacenado en Wayback Machine. La jueza Regina Santa Cruz  decidió  ayer (15.03.2021) enviar a la expresidenta Jeanine Áñez y  a dos exministros  a prisión preventiva durante cuatro meses por el caso “Golpe de Estado” ( 1 , 2 , y 3 ). Fuentes: Archivo de Wayback Machine Cuenta oficial de Twitter de la Defensoría del Pueblo Revisión hemerográfica ( 1 , 2 , y 3 ) Tags Defensoría del Pueblo Tendencia Política Imagen Fecha Publicación Web Mon, 03/15/2021 - 09:31 Log in to post comments",Verdadero,Baja
1642,chequeabolivia.bo,https://chequeabolivia.bo/el-sello-de-no-voto-es-parte-del-procedimiento-oficial-de-los-jurados-electorales,"El sello de “NO VOTÓ” es parte del procedimiento oficial de los Jurados Electorales. Se deben marcar los certificados de sufragio no reclamados. En las redes sociales circula la imagen de un certificado de sufragio con un sello de “NO VOTÓ” en la parte posterior. ChequeaBolivia constató que se trata de un procedimiento verdadero. ChequeaBolivia revisó las normas de procedimiento de las mesas electorales y confirmó que en el tercer sobre que los Jurados Electorales deben entregar al final de la jornada debe contener los certificados de sufragrio anulados con el sello de “NO VOTÓ” como figura en la imagen que se comparte. Además, en la página 39 del documento oficial de Guía para Jurados Electorales del Órgano Electoral Plurinacional (OEP), se detalla todo lo que deben entregar una vez concluido el día de votación. Documento oficial del Órgano Electoral Plurnacional FUENTE: Página web del Órgano Supremo Electoral Tags Tribunal Supremo Electoral Tendencia Política Indeterminada Fecha Publicación Web Sun, 03/07/2021 - 19:01 Log in to post comments",Verdadero,Baja
1643,chequeabolivia.bo,https://chequeabolivia.bo/imagen-que-circula-con-rango-de-multas-por-faltas-electorales-es-verdadera,"Imagen que circula con rango de multas por faltas electorales es verdadera. El reglamento de faltas y sanciones del TSE establece el mismo rango de multas. En Facebook y WhatsApp circula una publicación en la que se difunde las multas que se aplicarán por no emitir el voto, no estar inscrito en el padrón electoral y por estar ausente en la mesa de sufragio siendo jurado electoral. ChequeaBolivia advierte que se trata de información verdadera. ChequeaBolivia a través de una revisión en el Reglamento de faltas electorales y sanciones del Órgano Electoral Plurinacional (OEP) , corroboró que la sanción económica por no emitir el voto es del 10% de un sueldo mínimo (Bs212); por no estar registrado en el padrón electoral de 20% (Bs424 Bs), y por estar ausente o incumplir los horarios de la mesa de sufragio siendo jurado electoral del 30 % (Bs637). FUENTES: OEP Tags Elecciones subnacionales 2021 Fecha Publicación Web Sun, 03/07/2021 - 13:41 Log in to post comments",Verdadero,Baja
1644,chequeabolivia.bo,https://chequeabolivia.bo/la-carta-en-la-que-andrea-cornejo-renuncia-ser-militante-de-solbo-y-su-candidatura-como-asambleista,"La carta en la que Andrea Cornejo renuncia a ser militante de Sol.BO y a su candidatura como asambleísta es verdadera. Cornejo brindará declaraciones al respecto en los próximos días. En WhatsApp circula la imagen de una carta firmada por la concejal de la ciudad de La Paz, Andrea Cornejo, en la que renuncia a su militancia en Soberanía y Libertad (Sol.Bo) y a su candidatura como asambleísta departamental de La Paz. ChequeaBolivia verificó que se trata de un contenido verdadero. ChequeaBolivia se contactó con el área de Comunicación de Cornejo quien confirmó que se trata de una carta verídica. Por su parte, en contacto con este medio, la concejal indicó que de momento no emitirá declaraciones sobre el tema y que la siguiente semana atenderá a la prensa. En la misiva, Cornejo aclara que no tuvo problemas de carácter personal con los militantes del partido y que, al contrario, llegó a “buenos acuerdos”. La renuncia de la concejal con fecha del 17 de febrero de 2021, se hace pública luego de que se denunciara que apoya en la campaña electoral al candidato de Somos Pueblo, Iván Arias. Fuente: Comunicación de la Concejal Andrea Cornejo Concejal Andrea Cornejo Revisión hemerográfica Tendencia Política Indeterminada Fecha Publicación Web Sun, 02/21/2021 - 16:03 Log in to post comments",Verdadero,Baja
1645,chequeabolivia.bo,https://chequeabolivia.bo/index%2ephp/el-mas-resuelve-revisar-hojas-de-vida-de-funcionarios-para-evitar-infiltrados-de-la-oposicion,"El MAS resuelve revisar hojas de vida de funcionarios para evitar infiltrados de la oposición. El vicepresidente del MAS confirmó la información. En las redes sociales circula la fotografía de las presuntas determinaciones de un ampliado del Movimiento al Socialismo (MAS), en las que se instruye la revisión de las hojas de vida de los funcionarios públicos, para evitar que existan infiltrados de la oposición que dañen la imagen del actual gobierno. ChequeaBolivia constató que se trata de información verdadera. ChequeaBolivia contactó al vicepresidente del MAS, Gerardo García, quien confirmó la veracidad del documento. García explicó que se trata de una determinación tomada en un ampliado del MAS enfocada en dar oportunidad a la militancia que nunca tuvo un cargo en la función pública, y que la repartición encargada de esta labor de verificación es el Viceministerio de Coordinación con los Movimientos Sociales y las dirigencias departamentales del MAS. Ante la consulta de ChequeaBolivia sobre quienes son las personas que según el MAS no deberían ser funcionarios públicos, García declaró: “Aquellos que realmente nos han hecho la vida imposible, aquellos que han participado trancando las calles, aquellos que han participado maltratando a nuestros compañeros, discriminando, quemando la bandera, la Whipala, los símbolos patrios, aquella gente que ha hecho daño, han quemado casas, órganos electorales, todos aquellos que han participado en esos actos”. FUENTES: Vicepresidente del MAS, Gerardo García. Tags MAS Tendencia Política Indeterminada Log in to post comments",Verdadero,Baja
1646,chequeabolivia.bo,https://chequeabolivia.bo/nils-quinteros-y-chunoman-participaron-en-acto-de-campana-del-mas,"Nils Quinteros y “Chuñoman” participaron en acto de campaña del MAS. Hay fotografías oficiales y videos en medios de comunicación que registraron la asistencia de ambos. En las redes sociales circula una fotografía en la que se observa a la senadora del Movimiento al Socialismo (MAS) Adriana Salvatierra y, detrás de ella, sentados al cantante y modelo Nils Quinteros y al comediante Younn, conocido popularmente como ‘Chuñoman’, afirmando que ambos habrían participado de un acto de campaña del MAS. ChequeaBolivia comprobó que se trata de información verdadera. ChequeaBolivia a través de una revisión en las redes sociales constató que, en la página de Facebook oficial del candidato a senador por el MAS Andrónico Rodríguez fueron publicadas fotografías en las que ambas personas posan junto a candidatos y dirigentes de dicho partido. Además, Quinteros aparece en un video del periódico digital Erbol , que registró el acto proselitista. FUENTES: Cuenta de Facebook de Andrónico Rodríguez Periódico digital Erbol Tags Elecciones 2020 Tendencia Política No simpatizantes del MAS Log in to post comments",Verdadero,Baja
1647,chequeabolivia.bo,https://chequeabolivia.bo/huarachi-estuvo-en-el-cierre-de-campana-del-mas,"Huarachi estuvo en el cierre de campaña del MAS. Una nota televisiva muestra a Huarachi en el cierre de campaña del MAS. En las redes sociales circula una fotografía del secretario ejecutivo de la Central Obrera Boliviana (COB), Juan Carlos Huarachi, rodeado de exautoridades del gobierno de Evo Morales, con una descripción acusándolo de haber asistido al cierre de campaña del Movimiento al Socialismo (MAS) en El Alto, en octubre de 2019. ChequeaBolivia constató que se trata de información verdadera. ChequeaBolivia, a través de una revisión hemerográfica, evidenció que, en una nota televisiva de Meganoticias (Chile), se puede ver a Huarachi rodeado de miembros del gobierno de Morales y militantes del MAS en el cierre de campaña que realizó dicho partido en la ciudad de El Alto, el 16 de octubre de 2019, en miras de las elecciones generales que se celebrarían ese año. FUENTES: Revisión hemerográfica Meganoticias – Chile Tags Elecciones 2020 Tendencia Política No simpatizantes del MAS Log in to post comments",Verdadero,Baja
1648,chequeabolivia.bo,https://chequeabolivia.bo/esther-morales-acudia-al-programa-del-compadre-palenque-cuando-evo-era-dirigente,"Esther Morales acudía al programa del compadre Palenque cuando Evo era dirigente. Esther Morales acudió al programa Tribuna Libre que era conducido por Carlos Palenque para denunciar la desaparición de su hermano, Evo Morales, cuando era dirigente. En Facebook circula un video en el que se observa a la recientemente fallecida hermana de Evo Morales, Esther Morales, en Tribuna Libre, un programa que conducía Carlos Palenque Avilés, más conocido como El Compadre, jefe del partido Conciencia de Patria (Condepa). En el texto que acompaña la imagen se afirma que Esther Morales no ocupó cargos públicos e intentaron quemar su casa durante los conflictos de octubre de 2019. ChequeaBolivia verificó que la información es verdadera. ChequeaBolivia realizó una búsqueda de videos y constató que parte del programa del Compadre Palenque en el que Esther Morales aparece haciendo una denuncia por la desaparición de Evo Morales durante su época de dirigente en un video producido como homenaje a la fecha de nacimiento del jefe de Condepa. En tanto, en revisiones hemerográficas también se constató que Esther Morales no ocupó cargos públicos durante el Gobierno de Morales, aunque sí participó en actividades públicas de apoyo a emigrantes bolivianos en España, por los derechos de la mujer en Reino Unido y a favor de la demanda marítima en Chile. El 9 de noviembre de 2019, un grupo de manifestantes atacó  la casa de Ester Morales Ayma en Oruro y quemó parte del inmueble. El caso fue denunciado por medios de comunicación y también el exmandatario lo hizo a través de su cuenta de Twitter. Fuente: Video en conmemoración al nacimiento de Carlos Palenque Avilés Revisión Hemerográfica Herramientas digitales de búsqueda Tags Evo Morales Tendencia Política Simpatizantes del MAS Log in to post comments",Verdadero,Baja
1649,chequeabolivia.bo,https://chequeabolivia.bo/un-cabildo-nacional-digital-amenaza-al-organo-electoral-con-pedir-la-destitucion-de-sus-autoridades,"Un “cabildo nacional digital” amenaza al Órgano Electoral con pedir la destitución de sus autoridades si no invita a sus líderes. Uno de los organizadores corroboró la información que se comparte en las redes sociales. En las redes sociales circula una imagen que recopila las conclusiones a las que llegó el autodenominado Cabildo Nacional Digital, organizado el pasado 16 de agosto por ciudadanos de todo el país. ChequeaBolivia constató que se trata de información verdadera. ChequeaBolivia contactó al excandidato a la presidencia por el Movimiento Nacionalista Revolucionario (MNR) y uno de los organizadores, Virginio Lema, quien afirmó que la imagen recopilatoria con las determinaciones del cabildo es verdadera. “Todos nos hemos autoconvocado, yo me he autoconvocado, igual que otros miles de bolivianos. Se ha compartido en más de 50.000 páginas, hemos tenido más de 200.000 mensajes solamente en las 6 páginas que hemos transmitido, y de ahí otros miles de mensajes seguramente”, aseveró Lema. En la lista de conclusiones que conformó el cabildo, se destacan además las que exigen a la Fiscalía General del Estado y al Órgano Electoral Plurinacional cumplir sus peticiones en los plazos solicitados, amenazando con tomar acciones legales contra las autoridades de dichas instituciones y desconocerlas. Además de convocar al denominado ‘Verdadero Pacto Social’ para conciliar las diferencias entre bolivianos, y exigir a las autoridades que se elijan en las próximas elecciones acatar las decisiones adoptadas. FUENTES: Virginio Lema Página de Facebook: Virginio Lema Trigo Tags Elecciones 2020 Tendencia Política Indeterminada Log in to post comments",Verdadero,Baja
1650,chequeabolivia.bo,https://chequeabolivia.bo/sanchez-berzain-marincovic-debe-pedir-la-presidente-la-restitucion-de-la-republica,"Sánchez Berzaín: Marincovic debe pedir a la presidente la restitución de la República. El exministro dio a conocer su opinión durante el programa de PAT. En las redes sociales circula una publicación en la que se informa que Carlos Sánchez Berzaín, polémico ex ministro de Estado, cree que Branko Marincovic, recientemente nombrado ministro de Planificación del Desarrollo, debe pedir a la presidenta, Jeanine Áñez, restituir la Constitución Política de la República de 1967 con reforma en 1994. ChequeaBolivia constató que se trata de información verdadera. ChequeaBolivia realizó una revisión de la entrevista completa que Jimena Antelo, del programa “No Mentirás”, hizo a Sánchez Berzaín el 5 de agosto, en la que se evidenció que el entrevistado dice lo que repoduce la publicación viral. Las palabras exactas de Sáchez Berzaín fueron: “Yo espero que Branko, con su experiencia en el exilio, le pida a la presidenta que mañana, por ser el día de la patria, le regale a Bolivia el reconocimiento de la vigencia de la Constitución Política de 1967 reformada en 1994”. FUENTE: Programa “No Mentirás” Tendencia Política Indeterminada Log in to post comments",Verdadero,Baja
1651,chequeabolivia.bo,https://chequeabolivia.bo/elon-musk-felicito-bolivia-por-expulsar-evo-morales,"Elon Musk felicitó a Bolivia por expulsar a Evo Morales. El tuit fue publicado por Musk. En las redes sociales circula la captura de una felicitación del multimillonario sudafricano, nacionalizado canadiense y estadounidense Elon Musk, a un tuit que afirma que el pueblo boliviano expulsó al expresidente Evo Morales. ChequeaBolivia constató que se trata de información verdadera. ChequeaBolivia a través de una revisión en la cuenta de Twitter de Musk evidenció que el usuario ‘I like Teslas’ publicó un tuit en respuesta al empresario el pasado 25 de julio, que traducido al español refiere: “Soy de Bolivia, por favor visite y no. La gente se puso de pie y paralizó el país durante 21 días. Sacamos a Evo Morales, el dictador. Cometió fraude (dos veces) y estuvo en el poder durante 14 años cuando solo es legal hacerlo durante 5”. Musk al respecto respondió “¡Lo sé! ¡Felicitaciones a la gente de Bolivia!”. Anteriormente ChequeaBolivia ya verificó otro tuit de Musk que se hizo viral, en el que respondió a un usuario de Twitter que acusaba a Estados Unidos de haber organizado un golpe de estado en Bolivia para hacerse con las reservas de litio en el país. I know! Congratulations to the people of Bolivia ??!! — Elon Musk (@elonmusk) July 26, 2020 FUENTES: Revisión hemerográfica Cuenta de Twitter de Elon Musk Tags Elon Musk Tendencia Política Simpatizantes del MAS Log in to post comments",Verdadero,Baja
1652,chequeabolivia.bo,https://chequeabolivia.bo/index%2Ephp/excandidato-de-fpv-que-critica-al-mas-hizo-campana-por-el-si-en-2016,"Excandidato de FPV que critica al MAS hizo campaña por el SÍ en 2016. El video que circula fue publicado el 3 de febrero del 2016 por la red Unitel. En Facebook circula un video informando que el excandidato de Frente Para la Victoria (FPV) y exfiscal departamental de Santa Cruz, Jaime Soliz, hizo campaña a favor del SÍ en el Referéndum Constitucional de Bolivia del 2016. Actualmente Soliz critica  al Movimiento Al Socialismo (MAS) mediante sus redes sociales. Chequea Bolivia anuncia que se trata de información verdadera. Mediante el uso de herramientas digitales, ChequeaBolivia verificó que el video fue publicado el 3 de febrero del 2016 por la red Unitel. El él Soliz pide votar a favor de la reelección del expresidente Morales. “Yo creo que el SÍ es tan contundente porque no existe proyecto político que pueda anteponerse a este proyecto que dirige el presidente Evo Morales (…) Ya se vio que, en 10 años de gestión, ha trasformado el país y hemos crecido un 50 por ciento”, declara en el video. Asimismo, ChequeaBolivia, a través de una revisión hemerográfica, constató que Soliz fue candidato presidencial por FPV el 2 marzo 2020 y viajó a Buenos Aires para gestionar una orden de aprehensión contra Morales. Después de una semana renunció a su candidatura porque consideró que “no se puede seguir dispersando el voto"". Actualmente, el exfiscal mantiene una página en Facebook “Jaime Soliz Phiel”.  Ayer, 21 de julio, publicó un video con el siguiente texto: “Hay que acabar con el MAS. Hemos sido muy indulgentes. No puede seguir secuestrado el país de 11 millones de bolivianos por una secta política irresponsable que busca caos y muerte”. En una entrevista con El Deber, Soliz declaró, en marzo, que “no acepto que nadie me vincule con el MAS”. Chequea Bolivia se contactó con él, sin embargo, hasta el momento de esta publicación, no se pronunció al respecto. Fuentes: Canal de Youtube de la red Unitel Página de Facebook Jaime Soliz Phiel Revisión Hemerográfica Tags MAS Tendencia Política Indeterminada Log in to post comments",Verdadero,Baja
1653,chequeabolivia.bo,https://chequeabolivia.bo/camara-de-diputados-suspende-actividades-por-covid-19-hasta-el-31-de-julio,"Cámara de Diputados suspende actividades por Covid-19 hasta el 31 de julio. La medida fue tomada para precautelar “la salud y el bienestar de los servidores públicos de la Cámara de Diputados y de sus familias"". En Facebook y WhatsApp circula una fotografía de un comunicado informando que la Cámara de Diputados suspendió las actividades hasta el viernes 31 de julio por la pandemia del Covid-19. ChequeaBolivia anuncia que el documento es verdadero. A través de una revisión hemerográfica, ChequeaBolivia verificó que el documento que circula fue emitido el miércoles 15 de julio bajo responsabilidad de la Oficialía Mayor, la Dirección de Recursos Humanos y la Unidad de Administración de la Cámara Baja, que informan de la suspensión de actividades hasta el viernes 31 de Julio para precautelar “la salud y el bienestar de los servidores públicos de la Cámara de Diputados y de sus familias”. La responsable de prensa de la Cámara de Diputados, Sofía Peralta, agregó que se adoptó esa decisión por el fallecimiento de dos diputados a causa del coronavirus y porque hay ocho legisladores que estarían contagiados. El comunicado no se encuentra en las plataformas virtuales oficiales de la Asamblea Legislativa Plurinacional. Sin embargo, el presidente de la Cámara de Diputados, Sergio Choque, indicó que las sesiones virtuales continuarán desarrollándose con normalidad, pese a la “cuarentena interna” en la institución, e informó que ocho personas de la parte administrativa están infectadas con la enfermedad. ? #VIDEO La Cámara de Diputados sesionará virtualmente esta semana para tratar Proyectos de Ley que requiere el pueblo. #LegislandoConAltura #YoMeQuedoEnCasa pic.twitter.com/sPVqPyyrYk — Diputados Bolivia (@Diputados_Bol) July 20, 2020 Fuentes: Revisión Hemerográfica Plataformas digitales de Asamblea Legislativa Plurinacional. Tags Cámara de Diputados Tendencia Política No simpatizantes del MAS Log in to post comments",Verdadero,Baja
1654,chequeabolivia.bo,https://chequeabolivia.bo/sedes-de-la-paz-publica-una-lista-de-medicamentos-para-tratar-pacientes-con-sintomas-leves-de,"Sedes de La Paz publica una lista de medicamentos para tratar pacientes con síntomas leves de coronavirus. El director del Sedes de La Paz explicó que el protocolo debe ser “siempre vigilado por un médico"" A través de WhatsApp y Facebook circula una imagen con una lista de medicamentos para pacientes con síntomas leves de COVID-19 con la marca del periódico Página Siete y citando al Servicio Departamental de Salud (Sedes) de La Paz. ChequeaBolivia verificó que el contenido es verdadero. A través de una revisión a las plataformas virtuales de este diario, se pudo verificar que esta lista no se encuentra en la página de Facebook de Página Siete, pero sí en su página web correspondiente al 08 de julio, en la nota informativa titulada: “Conozca la lista de medicamentos para pacientes con síntomas leves de Covid-19”. El Sedes también publicó la misma lista en su página de Facebook. El director del Sedes de La Paz, Ramiro Narváez, explicó ayer en una entrevista que el protocolo debe ser “siempre vigilado por un médico, tenemos que evitar la automedicación y el uso indiscriminado de medicamentos (…) cada jueves vamos a revisar (la lista), el comité científico se va a reunir este jueves y lo va a mejorar o ampliar”. Narváez informó que se habilitaron los números 168/ 2-2156261 / 2-2156263 / 2-2155754. Fuentes: Página Web y de Facebook de Página Siete Revisión Hemerográfica Tags Covid-19 Tendencia Política Indeterminada Log in to post comments",Verdadero,Baja
1655,chequeabolivia.bo,https://chequeabolivia.bo/ano-nuevo-andino-comparan-tuits-de-la-presidente-del-estado-jeanine-anez,"Año Nuevo Andino: comparan tuits de la presidente del Estado Jeanine Áñez. Los dos tuits fueron difundidos en diferentes años por la presidente del Estado, Jeanine Áñez. En redes sociales se comparte la captura de dos tuits difundidos en diferentes años por la presidente del Estado, Jeanine Áñez, contradictorios entre sí. El primero, publicado el 20 de junio de 2013 y el segundo el pasado 20 de junio, respecto a la celebración del Año Nuevo Andino Amazónico Chaqueño. ChequeaBolivia constató que se trata de información verdadera. ChequeaBolivia, tras una búsqueda con la herramienta digital Wayback Machine, que permite archivar datos de páginas webs, verificó que: 1.- El primer tuit, con el texto: “Que año nuevo aymara ni lucero del alba!! satànicos, a Dios nadie lo reemplaza!!” (sic), fue publicado el 20 de junio de 2013, cuando Jeanine Áñez ocupaba el cargo de vicepresidenta de la Cámara de Senadores. 2.- El segundo tuit , con el texto: “En este nuevo año, que llega con el solsticio de Invierno y que es parte sagrada de la tradición cultural amazónica, convocó a todos los bolivianos a trabajar unidos por la salud y la economía de los hogares en todo el país”, fue publicado el 21 de junio de 2020, en su calidad de Presidenta del Estado Plurinacional de Bolivia. FUENTE: Cuenta oficial de Twitter de Jeanine Áñez Revisión de Herramientas digitales Tags Jeanine Áñez Tendencia Política No simpatizantes del MAS Log in to post comments",Verdadero,Baja
1656,chequeabolivia.bo,https://chequeabolivia.bo/director-de-migracion-uso-una-foto-antigua-para-acusar-mas-sobre-los-bloqueos-en-carretera-al-beni,"Director de Migración usó una foto antigua para acusar a MAS sobre los bloqueos en carretera al Beni. En Twitter, el director general de Migración, Marcel Rivas, compartió una fotografía pasada para denunciar que militantes del Movimiento al Socialismo (MAS) bloquean impidiendo el ingreso del equipamiento de salud al Beni. ChequeaBolivia constató que la denuncia del uso de una fotografía antigua es verdadera. ChequeaBolivia revisó la cuenta de Twitter del aludido y encontró la publicación viral. Asimismo, a través de una revisión hemerográfica, se verificó que la imagen compartida por Rivas corresponde a una cobertura que realizó el diario El Deber el 17 de noviembre de 2018 cuando también hubo bloqueos en la carretera a Trinidad. FUENTE: Cuenta de Twitter de Marcel Rivas El Deber Tendencia Política Indeterminada Log in to post comments",Verdadero,Baja
1657,chequeabolivia.bo,https://chequeabolivia.bo/luis-fernando-camacho-se-traslada-san-jose-de-chiquitos-y-rompe-la-cuarentena,"Luis Fernando Camacho se traslada a San José de Chiquitos y rompe la cuarentena. La publicación de Facebook contiene fotos de Camacho. En redes sociales se comparte una publicación en la que se asegura que Luis Fernando Camacho, candidato presidencial de Creemos, habría roto la cuarentena, trasladándose hasta San José de Chiquitos. ChequeaBolivia verificó que se trata de información verdadera. A través de una revisión hemerográfica, ChequeaBolivia constató que el candidato Luis Fernando Camacho sí estuvo presente en la localidad de San José de Chiquitos el pasado domingo. Camacho, que fue entrevistado por la periodista Jimena Antelo en el programa No Mentirás, aceptó haber visitado la localidad, pero negó que fueran por motivos electorales. “Nosotros venimos realizando ayuda desde el primer día. El hambre no tiene un solo día de espera, la necesidad no tiene un solo día de espera. Yo entré a San José con todo en orden, con una hoja de ruta, entregada por el alcalde de San Ignacio (…). Yo solo ingresé hasta la casa del alcalde y me volví a retirar”, declaró en el programa de Red PAT, añadiendo que los pobladores habrían recibido una explicación ese mismo día. Fuente: Revisión hemerográfica Luis Fernando Camacho, candidato presidencial de Creemos Tags Luis Fernando Camacho Creemos Tendencia Política Creemos Log in to post comments",Verdadero,Baja
1658,chequeabolivia.bo,https://chequeabolivia.bo/desde-personas-muertas-y-cualquier-numero-de-cedula-estan-habilitados-para-el-cobro-en-el-sistema,"Desde personas muertas y cualquier número de cédula están habilitados para el cobro en el sistema de verificación del Bono Universal. ChequeaBolivia ingresó números aleatorios e incluso datos de una persona fallecida A través de Facebook, circula información sobre el sistema de beneficiarios del Bono Universal. La publicación afirma: “ Pongan cualquier número y cualquier fecha de nacimiento y les va a decir que están habilitados… hasta los muertos están habilitados para cobrar el bono universal”. ChequeaBolvia anuncia que la información es verdadera. ChequeaBolivia verificó que ingresando números aleatorios de carnet de identidad y fechas de nacimientos, el sistema continúa indicando: “El propietario de la Cédula de Identidad proporcionada está habilitado para cobrar a partir de la semana que le corresponda”. Además, ChequeaBolivia probó que si se introduce los datos de una persona fallecida el sistema responde: “Usted está habilitado al cobro del Bono Universal”. Una consulta realizada por ChequeaBolivia con datos de una persona fallecida. Contactados por este medio, desde la Gestora Pública de la Seguridad Social de Largo Plazo indicaron: “El sistema de consultas es un aplicativo que le permite al ciudadano (consciente y que proporciona sus datos reales) verificar si está o no incluido en alguno de los factores de exclusión del Bono Universal (…) con la misma certeza con la que se verifica en el momento del cobro. La única diferencia es que en el aplicativo de consulta, podría aceptar datos de un CI ""inventado"" y en ese caso el resultado de la consulta tampoco sería real”. Aclaran que: “Con datos reales, la validación es efectiva. Esto no ocurre con el sistema de pago que inicialmente verifica la existencia de la cédula y la veracidad de los datos introducidos. Se está trabajando para subsanar esta diferencia en el sistema de consulta la que se produce por razones de resguardo y seguridad de la base de datos de cédulas de identidad”. Varios usuarios denunciaron que ingresan al sistema y figuran como habilitados, pero cuando quieren efectuar el cobro no se puede hacer efectivo. Ante esta situación, se recomienda a la población realizar una consulta directa llamando al número gratuito 800 10 1610 habilitado para este tipo de circunstancias. La semana pasada se reportaron fallas en la página web de la Gestora, este tuvo problemas a causa de la gran cantidad de gente que quiere saber si está habilitada para recibir el Bono Universal. A través de su página de Facebook se pueden leer diferentes reclamos. FUENTES Página Web Gestora Pública de la Seguridad Social de Largo Plazo Página de Facebook Gestora Pública de la Seguridad Social de Largo Plazo Solicitud de información al área de Comunicación de Gestora Pública de la Seguridad Social de Largo Plazo Tags Gobierno de transición Tendencia Política Verdadero Log in to post comments",Verdadero,Baja
1659,chequeabolivia.bo,https://chequeabolivia.bo/arce-catacora-pide-anez-dejar-persecucion-politica-y-conseguir-mas-pruebas-de-coronavirus,"Arce Catacora pide a Añez dejar persecución política y conseguir más pruebas de coronavirus. Luis Arce publicó al respecto en su página oficial de Facebook. En las redes sociales se difunde una declaración del candidato a la Presidencia por el Movimiento al Socialismo (MAS), Luis Arce Catacora, solicitando a la presidenta de Bolivia, Jeanine Añez, parar la persecución política y conseguir más pruebas para la detección del coronavirus. ChequeaBolivia constató que se trata de información verdadera. ChequeaBolivia, a través de una búsqueda en las cuentas oficiales de Arce Catacora, encontró que la publicación se realizó el 20 de abril en su página de Facebook , en la que señala que “el gobierno intensifica su campaña de acusaciones y persecución política para desviar la atención de sus errores en la lucha contra el coronavirus. En Bolivia urgen más pruebas para conocer la magnitud real del contagio y equipos de bioseguridad para el personal de salud”. Fuentes: Página oficial de Luis Arce Catacora en Facebook Tags Luis Arce Catacora Tendencia Política Simpatizantes del MAS Log in to post comments",Verdadero,Baja
1660,chequeabolivia.bo,https://chequeabolivia.bo/se-desplomo-la-sede-social-de-la-comunidad-de-santa-barbara-en-el-municipio-de-coripata,"Se desplomó la sede social de la comunidad de Santa Bárbara en el municipio de Coripata. El acontecimiento sucedió en el departamento de La Paz. En las redes sociales circula un video con el sello de FM Bolivia, en el que se observa el desplome de la sede social de la comunidad de Santa Bárbara en Coripata, La Paz. ChequeaBolivia constató que se trata de información verdadera. ChequeaBolivia consultó con el director de FM Bolivia, Galo Hubner Mamani, quien confirmó la veracidad de la noticia. En una nota del mismo medio, relacionada con el primer video, se puede ver la entrevista realizada al secretario general de la comunidad de Santa Bárbara, Paulino Cordero, en la que éste explica que la primera etapa de construcción del edificio fue llevada a cabo en la gestión de Froilán Mamani, y que fue proseguida por el alcalde por el MAS, Wilfredo Ortiz “Para mí, pareciera que es una mala construcción, porque imagínese que el primer piso de abajo, de la planta baja, están sanos los machones, como usted verá, pero de encima ha colapsado esto”, agregó Cordero. FUENTE: Director de FM Bolivia, Galo Hubner Mamani. Revisión del portal web de FM Bolivia. Tendencia Política Indeterminada Log in to post comments",Verdadero,Baja
1661,chequeabolivia.bo,https://chequeabolivia.bo/cocaleros-emiten-pronunciamiento-por-amenaza-contra-evo-morales,"Cocaleros emiten pronunciamiento por amenaza contra Evo Morales. El documento es original y fue publicado el pasado 5 de abril. En redes sociales circula un pronunciamiento de los dirigentes de la Coordinadora de las 6 Federaciones del Trópico de Cochabamba en el que se declaran en alerta máxima tras una reciente amenaza en contra del expresidente de Bolivia, Evo Morales, por parte del secretario privado de la presidenta del Estado, Jeanine Áñez. ChequeaBolivia verificó que el documento es verdadero. En una revisión hemerográfica que realizó ChequeaBolivia constató que evidentemente el pronunciamiento público es verdadero y fue redactado el 5 de abril de 2020. La información fue emitida por medios del trópico de Cochabamba. Contactado por ChequeaBolivia, el dirigente cocalero del trópico, Leonardo Loza, indicó que el documento fue elaborado  y firmado respetando la distancia de más de un metro y todos los protocolos sanitarios. FUENTE: Revisión hemerográfica Tags Evo Morales Log in to post comments",Verdadero,Baja
1662,chequeabolivia.bo,https://chequeabolivia.bo/percy-pide-licencia-y-angelica-sosa-asume-como-alcaldesa-de-santa-cruz-de-la-sierra,"Percy pide licencia y Angélica Sosa asume como alcaldesa de Santa Cruz de la Sierra. La carta fue aprobada por el Concejo Municipal de Santa Cruz de la Sierra. En redes sociales empezó a circular la carta de licencia que hizo llegar el alcalde de Santa Cruz de la Sierra, Percy Fernández, y posteriormente fotografías de la presidenta del Concejo Municipal, Angélica Sosa, jurando como alcaldesa interina. ChequeaBolivia informa que es verdadero. Los medios cruceños confirmaron la veracidad de la carta en la que Fernández solicita licencia hasta que termine la emergencia sanitaria (15 de abril), dada su imposibilidad de asistir a las mesas de trabajo interinstitucional. Posteriormente, la presidenta del Concejo Municipal de Santa Cruz de la Sierra asumió como alcaldesa interina. Fuente: Revisión hemerográfica Cuenta de Facebook de Angélica Sosa Tags Coronavirus en Bolivia Log in to post comments",Verdadero,Baja
1663,chequeabolivia.bo,https://chequeabolivia.bo/alcalde-de-trinidad-dona-su-sueldo-para-la-compra-de-viveres,"Alcalde de Trinidad dona su sueldo para la compra de víveres. La información que cirucla en las redes sociales es cierta. En las redes sociales circula una imagen en la que se afirma que el Alcalde de Trinidad, Mario Suarez, donó su sueldo para la compra de víveres para familias en cuarentena. ChequeaBolivia constató que se trata de información verdadera. En una revisión de medios de comunicación nacionales, ChequeaBolivia confirmó que Suarez entregó un cheque por 17.911 bolivianos e hizo un llamado a otras autoridades para que se sumen a la iniciativa. FUENTE: Medios de comunicación nacionales Tags Cuarentena Log in to post comments",Verdadero,Baja
1664,chequeabolivia.bo,https://chequeabolivia.bo/policias-arrestan-personas-durante-campana-de-creemos-en-quillacollo,"Policías arrestan personas durante campaña de Creemos en Quillacollo. El comandante regional de Quillacollo, Walter Alvis, informó que dos personas fueron arrestadas por alteración e incidentes el pasado 11 de febrero. En las redes sociales se comparten diferentes videos en los que se observa como la Policía arresta a personas que protestan en la plaza Bolivar de Quillacollo, en rechazo a un grupo de afines a la alianza Creemos que realizaba campaña en el lugar. ChequeaBolivia verificó que la información es real. En una comparación de videos que realizó ChequeaBolivia sobre los incidentes que ocurrieron en la plaza Bolivar, se confirmó la veracidad de las imágenes que circulan en redes sociales. Una captura del video que circula en redes sociales donde se observa a una persona que estuvo presente durante todo el incidente. Una captura de un video al que accedió ChequeaBolivia, minutos antes de la intervención de la Policía. En la imagen se observa a la misma persona. Por otra parte, aunque en el video se observa que son varias personas las que fueron conducidas a los ambientes del comando regional de Quillacollo, el comandante de esta división, Walter Alvis, informó que sólo dos personas fueron arrestadas por alteración e incidentes el pasado 11 de febrero. Una periodista que cubrió la parte inicial del incidente, relató que las personas afines a la alianza Creemos se dispusieron a realizar un recorrido en Quillacollo, pese a la ausencia de Luis Fernando Camacho, candidato a presidente y Marco Antonio Pumari, candidato a vicepresidente. Agregó que cuando llegaron a la plaza Bolivar, otro grupo de personas los abucheo y les pidió que se retiren. Posteriormente la Policía intervino. FUENTE: Comparación de videos que circulan en redes sociales e imágenes a las que accedió ChequeaBolivia El comandante regional de Quillacollo Walter Alvis Periodista que cubrió el conflicto Tags Elecciones 2020 Log in to post comments",Verdadero,Baja
1665,chequeabolivia.bo,https://chequeabolivia.bo/modelo-paceno-apoya-la-candidatura-de-binomio-del-mas,"Modelo paceño apoya la candidatura de binomio del  MAS. En una revisión de las imágenes que realizó ChequeaBolivia, se constató que evidentemente Neilss Quinteros participó del evento. En las redes sociales circulan imágenes sobre la participación del modelo paceño Neilss Quinteros en el acto de proclamación del binomio del Movimiento Al Socialismo (MAS), en El Alto. ChequeaBolivia verificó que es verdad. En una revisión de las imágenes que realizó ChequeaBolivia, se constató que evidentemente Neilss Quinteros participó del evento, el pasado 8 de febrero de 2020. En tanto, Quinteros publicó una aclaración en su cuenta de Facebook. “Es innegable las cosas buenas que se hicieron en la gestión del MAS como también sabemos de todo lo malo que pasó y en que se convirtió, pero estamos para cambiar eso y subsanar errores, de encontrar esa verdadera unidad y pacificación del país para construir la Bolivia que todos y todas queremos”, señala el texto. FUENTE: Revisión de fotografías Cuenta de Facebook de Neilss Quinteros Tags Elecciones 2020 Log in to post comments",Verdadero,Baja
1666,chequeabolivia.bo,https://chequeabolivia.bo/hermano-de-evo-morales-agrede-verbalmente-periodistas-y-policias,"Hermano de Evo Morales agrede verbalmente a periodistas y policías. En una revisión, ChequeaBolivia verificó que la noticia evidentemente la publicó Página 7 y otros medios  en marzo de 2015. En Facebook se volvió a compartir un video en el que figura el hermano del presidente Evo Morales, Hugo Morales en aparente estado de ebriedad. ChequeaBolivia corroboró que la información es verdadera pero está fuera de contexto. En una revisión a la página web de Página 7, se comprobó que existe dicha información, pero fue publicada el 31 de marzo de 2015. El hecho ocurrió cuando la policía cubría un operativo de tránsito en la ciudad de Oruro, en la que encontró en posible estado de ebriedad a Hugo Morales. En la nota la periodista  Irene Torres de la Red PAT y  su colega Edwin Choque de Red UNO denunciaron que sufrieron amenazas y agresiones verbales de parte de Hugo Morales. El video vuelve a compartirse en Facebook como si fuera un hecho que ocurrió recientemente. FUENTE: Reportes periodísticos Tags Evo Morales Log in to post comments",Verdadero,Baja
1667,chequeabolivia.bo,https://chequeabolivia.bo/dirigentes-de-comunidad-ciudadana-golpean-una-mujer-de-su-partido,"Dirigentes de Comunidad Ciudadana golpean a una mujer de su partido. El candidato a la presidencia por la alianza Comunidad Ciudadana, Carlos Mesa, informó a través de su cuenta de Twitter que se condena cualquier acto de violencia en contra de la mujer. En Twitter y Facebook se comenzó a viralizar las imágenes sobre una denuncia de la militante de Comunidad Ciudadana (CC) Roxana Illanes en contra de Santiago Quenta, primer jefe en el Frente Revolucionario de Izquierda (FRI) y Jhon Huayta, segundo responsable de la Circunscripción 8 en La Paz por violencia física, dejándola con tres días de impedimento. ChequeaBolivia verificó que la información es real. Entrevistado por ChequeaBolivia, el jefe de campaña de Comunidad Ciudadana, Ricardo Paz, sostuvo que la información es real y que se tomaron medidas drásticas. Añadió que la militante recibe el apoyo de la alianza. Condenamos sin dubitación, toda acción de violencia contra la mujer, por eso tomamos la decisión de expulsar definitivamente de Comunidad Ciudadana, a Santiago Quenta y John Huayta, involucrados en este tipo de hechos inadmisibles. — Carlos D. Mesa Gisbert (@carlosdmesag) July 12, 2019 El candidato a la presidencia por la alianza Comunidad Ciudadana, Carlos Mesa, informó a través de su cuenta de Twitter que se condena cualquier acto de violencia en contra de la mujer por lo que se definió la expulsión de Santiago Quenta y Jhon Huayta de Comunidad Ciudadana. Según un reporte de Los Tiempos, en Bolivia, la Fiscalía General del Estado reportó desde enero hasta la fecha 73 casos de feminicidio; sin embargo, la Fuerza Especial de Lucha Contra la Violencia (Felcv) registró un total de 59 casos. FUENTE: Cuenta oficial de Twitter de Carlos Mesa Reporte de medios de comunicación Jefe de campaña de Comunidad Ciudadana, Ricardo Paz Tags Carlos Mesa Comunidad Ciudadana Log in to post comments",Verdadero,Baja
